# Name,   Type, SubType, Offset,  Size, Flags
# Note: Firmware partition offset needs to be 64K aligned, initial 36K (9 sectors) are reserved for bootloader and partition table
sec_cert,  0x3F, ,0xd000,    0x3000, ,  # Never mark this as an encrypted partition
nvs,      data, nvs,     0x10000,   0x6000,
otadata,  data, ota,     ,          0x2000
phy_init, data, phy,     ,          0x1000,
ota_0,    app,  ota_0,   0x20000,   2000K,
ota_1,    app,  ota_1,   ,          2000K,
fctry,    data, nvs,     0x414000,  0x8000
