{
    "esp-idf-v5.1.3": {
        "HEAD": "v5.1.3-dirty",
        "submodules": [
            {
                "name": "components/bootloader/subproject/components/micro-ecc/micro-ecc",
                "version": "v1.1"
            },
            {
                "name": "components/bt/controller/lib_esp32",
                "version": "b0f132f"
            },
            {
                "name": "components/bt/controller/lib_esp32c2/esp32c2-bt-lib",
                "version": "7f3eb5f"
            },
            {
                "name": "components/bt/controller/lib_esp32c3_family",
                "version": "9d40b3b"
            },
            {
                "name": "components/bt/controller/lib_esp32c6/esp32c6-bt-lib",
                "version": "19eb534"
            },
            {
                "name": "components/bt/controller/lib_esp32h2/esp32h2-bt-lib",
                "version": "c97e0d8"
            },
            {
                "name": "components/bt/host/nimble/nimble",
                "version": "31335a5a"
            },
            {
                "name": "components/cmock/CMock",
                "version": "v2.5.2-2-geeecc49"
            },
            {
                "name": "components/esp_coex/lib",
                "version": "496ee81"
            },
            {
                "name": "components/esp_phy/lib",
                "version": "2d319a3"
            },
            {
                "name": "components/esp_wifi/lib",
                "version": "0a25c10a"
            },
            {
                "name": "components/heap/tlsf",
                "version": "d2e28f8"
            },
            {
                "name": "components/json/cJSON",
                "version": "v1.7.17"
            },
            {
                "name": "components/lwip/lwip",
                "version": "542ba299"
            },
            {
                "name": "components/mbedtls/mbedtls",
                "version": "mbedtls-3.5.0-5-gdd91f3005"
            },
            {
                "name": "components/mqtt/esp-mqtt",
                "version": "ESP-MQTT_FOR_IDF_4.x-227-ge6afdb4"
            },
            {
                "name": "components/openthread/lib",
                "version": "fcee30d"
            },
            {
                "name": "components/openthread/openthread",
                "version": "thread-reference-20230706-340-g456c44828"
            },
            {
                "name": "components/protobuf-c/protobuf-c",
                "version": "v1.4.1"
            },
            {
                "name": "components/spiffs/spiffs",
                "version": "0.3.7-39-g0dbb3f7"
            },
            {
                "name": "components/unity/unity",
                "version": "v2.4.3-51-g7d2bf62"
            }
        ]
    },
    "project": {
        "name": "led_light",
        "version": "v1.0.0-beta_"
    },
    "toolchain": "xtensa-esp32s3-elf-gcc (crosstool-NG esp-12.2.0_20230208) 12.2.0\r"
}